{
  "project_info": {
    "project_number": "922811455657",
    "project_id": "friendly-eats-59ccc",
    "storage_bucket": "friendly-eats-59ccc.appspot.com"
  },
  "client": [
    {
      "client_info": {
        "mobilesdk_app_id": "1:922811455657:android:ffa847828b7506d8a1f1b8",
        "android_client_info": {
          "package_name": "com.google.firebase.example.fireeats"
        }
      },
      "oauth_client": [
        {
          "client_id": "922811455657-7o853dhi5vndrna09epvrbc8uqk5mofr.apps.googleusercontent.com",
          "client_type": 3
        }
      ],
      "api_key": [
        {
          "current_key": "AIzaSyAaHMx2RnjixBYFbICtPTutyxSLUI9RAqE"
        }
      ],
      "services": {
        "appinvite_service": {
          "other_platform_oauth_client": [
            {
              "client_id": "922811455657-7o853dhi5vndrna09epvrbc8uqk5mofr.apps.googleusercontent.com",
              "client_type": 3
            }
          ]
        }
      }
    }
  ],
  "configuration_version": "1"
}